id;ip_address;user_agent;status;attempt_at;device_type
1;dresser;quant à conseil d’administration ronron;SUCCESS;2025-04-29T20:45:36;exprès
2;même si électorat;collègue;FAILED;2025-04-29T20:29:23;horrible bof que
3;fonctionnaire du fait que;préoccuper naguère;FAILED;2025-04-30T16:05:17;à l'encontre de tracer vouh
4;aménager;selon très cocorico;FAILED;2025-04-29T18:04:18;joliment du fait que lors de
5;toc guide à défaut de ;apparemment juriste subito;FAILED;2025-04-29T21:01:33;de manière à ce que hebdomadaire
6;malade drôlement puisque;presque adversaire;SUCCESS;2025-04-29T17:40:55;d'entre
7;suivant secours;rédaction;FAILED;2025-04-29T20:55:50;rester payer
8;tandis que loin;négliger diététiste oh;SUCCESS;2025-04-29T21:22:20;magnifique avant
9;certes;transporter;FAILED;2025-04-29T22:54:55;corps enseignant
10;recouvrir devant;travailler sauf;FAILED;2025-04-29T18:17:52;arrière sans que diablement
