id;otp_code;created_at;expiration_time;attempt_count;max_attempts
1;proche de cocorico tellement;2025-04-30T01:48:46;2025-04-29T17:37:06;16374;25858
2;quand rapide cot cot;2025-04-30T15:06:45;2025-04-30T06:57:02;21917;6324
3;avant que sitôt que ha ha;2025-04-29T18:13:54;2025-04-29T21:28:32;25056;14359
4;clocher;2025-04-29T18:00:40;2025-04-30T02:33:59;24646;9710
5;concurrence;2025-04-29T16:49:54;2025-04-30T09:05:41;23903;18445
6;splendide également sans que;2025-04-30T05:29:55;2025-04-29T18:36:32;10604;10761
7;souple grâce à;2025-04-30T10:29:15;2025-04-30T04:46:17;2506;23587
8;population du Québec chef;2025-04-30T04:32:42;2025-04-30T15:43:29;27765;9740
9;comment;2025-04-30T15:40:01;2025-04-30T15:12:52;20457;3153
10;calme bè;2025-04-30T11:51:43;2025-04-29T20:01:21;19894;19469
